{"updated": "2026-02-27T05:51:03Z", "featured": [{"type": "county", "geoid": "08077", "label": "Mesa County"}, {"type": "place", "geoid": "0828745", "label": "Fruita (city)", "containingCounty": "08077"}, {"type": "place", "geoid": "0831660", "label": "Grand Junction (city)", "containingCounty": "08077"}, {"type": "place", "geoid": "0856970", "label": "Palisade (town)", "containingCounty": "08077"}, {"type": "cdp", "geoid": "0815165", "label": "Clifton (CDP)", "containingCounty": "08077"}], "counties": [{"geoid": "08001", "label": "Adams County"}, {"geoid": "08003", "label": "Alamosa County"}, {"geoid": "08005", "label": "Arapahoe County"}, {"geoid": "08007", "label": "Archuleta County"}, {"geoid": "08009", "label": "Baca County"}, {"geoid": "08011", "label": "Bent County"}, {"geoid": "08013", "label": "Boulder County"}, {"geoid": "08014", "label": "Broomfield County"}, {"geoid": "08015", "label": "Chaffee County"}, {"geoid": "08017", "label": "Cheyenne County"}, {"geoid": "08019", "label": "Clear Creek County"}, {"geoid": "08021", "label": "Conejos County"}, {"geoid": "08023", "label": "Costilla County"}, {"geoid": "08025", "label": "Crowley County"}, {"geoid": "08027", "label": "Custer County"}, {"geoid": "08029", "label": "Delta County"}, {"geoid": "08031", "label": "Denver County"}, {"geoid": "08033", "label": "Dolores County"}, {"geoid": "08035", "label": "Douglas County"}, {"geoid": "08037", "label": "Eagle County"}, {"geoid": "08041", "label": "El Paso County"}, {"geoid": "08039", "label": "Elbert County"}, {"geoid": "08043", "label": "Fremont County"}, {"geoid": "08045", "label": "Garfield County"}, {"geoid": "08047", "label": "Gilpin County"}, {"geoid": "08049", "label": "Grand County"}, {"geoid": "08051", "label": "Gunnison County"}, {"geoid": "08053", "label": "Hinsdale County"}, {"geoid": "08055", "label": "Huerfano County"}, {"geoid": "08057", "label": "Jackson County"}, {"geoid": "08059", "label": "Jefferson County"}, {"geoid": "08061", "label": "Kiowa County"}, {"geoid": "08063", "label": "Kit Carson County"}, {"geoid": "08067", "label": "La Plata County"}, {"geoid": "08065", "label": "Lake County"}, {"geoid": "08069", "label": "Larimer County"}, {"geoid": "08071", "label": "Las Animas County"}, {"geoid": "08073", "label": "Lincoln County"}, {"geoid": "08075", "label": "Logan County"}, {"geoid": "08077", "label": "Mesa County"}, {"geoid": "08079", "label": "Mineral County"}, {"geoid": "08081", "label": "Moffat County"}, {"geoid": "08083", "label": "Montezuma County"}, {"geoid": "08085", "label": "Montrose County"}, {"geoid": "08087", "label": "Morgan County"}, {"geoid": "08089", "label": "Otero County"}, {"geoid": "08091", "label": "Ouray County"}, {"geoid": "08093", "label": "Park County"}, {"geoid": "08095", "label": "Phillips County"}, {"geoid": "08097", "label": "Pitkin County"}, {"geoid": "08099", "label": "Prowers County"}, {"geoid": "08101", "label": "Pueblo County"}, {"geoid": "08103", "label": "Rio Blanco County"}, {"geoid": "08105", "label": "Rio Grande County"}, {"geoid": "08107", "label": "Routt County"}, {"geoid": "08109", "label": "Saguache County"}, {"geoid": "08111", "label": "San Juan County"}, {"geoid": "08113", "label": "San Miguel County"}, {"geoid": "08115", "label": "Sedgwick County"}, {"geoid": "08117", "label": "Summit County"}, {"geoid": "08119", "label": "Teller County"}, {"geoid": "08121", "label": "Washington County"}, {"geoid": "08123", "label": "Weld County"}, {"geoid": "08125", "label": "Yuma County"}], "source": {"county_list": "TIGERweb State_County MapServer/1", "place_list": "Census ACS 5-year 2022 place names (Colorado; regenerated by build_hna_data.py via GitHub Actions)"}, "places": [{"geoid": "0800430", "label": "Aguilar (city)"}, {"geoid": "0800700", "label": "Akron (city)"}, {"geoid": "0801720", "label": "Alamosa (city)"}, {"geoid": "0801930", "label": "Alma (town)"}, {"geoid": "0802410", "label": "Antonito (town)"}, {"geoid": "0803455", "label": "Arvada (city)"}, {"geoid": "0803592", "label": "Aspen (city)"}, {"geoid": "0803980", "label": "Ault (town)"}, {"geoid": "0804000", "label": "Aurora (city)"}, {"geoid": "0804045", "label": "Avon (town)"}, {"geoid": "0804960", "label": "Basalt (town)"}, {"geoid": "0805145", "label": "Bayfield (town)"}, {"geoid": "0805440", "label": "Bennett (town)"}, {"geoid": "0805960", "label": "Berthoud (town)"}, {"geoid": "0806915", "label": "Black Hawk (city)"}, {"geoid": "0807050", "label": "Blanca (town)"}, {"geoid": "0807230", "label": "Blue River (town)"}, {"geoid": "0807465", "label": "Bonanza City (city)"}, {"geoid": "0808140", "label": "Breckenridge (town)"}, {"geoid": "0809280", "label": "Brighton (city)"}, {"geoid": "0809490", "label": "Brookside (town)"}, {"geoid": "0810730", "label": "Broomfield (city)"}, {"geoid": "0810950", "label": "Brush (city)"}, {"geoid": "0811090", "label": "Buena Vista (statutory town)"}, {"geoid": "0811880", "label": "Burlington (city)"}, {"geoid": "0811480", "label": "Carbondale (town)"}, {"geoid": "0811905", "label": "Castle Pines (city)"}, {"geoid": "0812125", "label": "Castle Rock (town)"}, {"geoid": "0811230", "label": "Cañon City (city)"}, {"geoid": "0812550", "label": "Cedaredge (town)"}, {"geoid": "0813355", "label": "Centennial (city)"}, {"geoid": "0812745", "label": "Center (town)"}, {"geoid": "0813505", "label": "Central City (city)"}, {"geoid": "0813660", "label": "Cheraw (town)"}, {"geoid": "0814155", "label": "Cherry Hills Village (city)"}, {"geoid": "0814265", "label": "Cheyenne Wells (town)"}, {"geoid": "0815730", "label": "Coal Creek (town)"}, {"geoid": "0815890", "label": "Cokedale (town)"}, {"geoid": "0816165", "label": "Collbran (town)"}, {"geoid": "0815940", "label": "Colorado City (town)"}, {"geoid": "0816000", "label": "Colorado Springs (city)"}, {"geoid": "0816275", "label": "Columbine Valley (town)"}, {"geoid": "0816495", "label": "Commerce City (city)"}, {"geoid": "0817830", "label": "Cortez (city)"}, {"geoid": "0817900", "label": "Craig (city)"}, {"geoid": "0817940", "label": "Crawford (town)"}, {"geoid": "0818005", "label": "Creede (city)"}, {"geoid": "0818175", "label": "Crested Butte (town)"}, {"geoid": "0818250", "label": "Crestone (town)"}, {"geoid": "0818375", "label": "Cripple Creek (city)"}, {"geoid": "0818565", "label": "Crowley (town)"}, {"geoid": "0819240", "label": "Dacono (city)"}, {"geoid": "0819650", "label": "De Beque (town)"}, {"geoid": "0819755", "label": "Deer Trail (town)"}, {"geoid": "0819810", "label": "Del Norte (town)"}, {"geoid": "0820045", "label": "Delta (city)"}, {"geoid": "0820000", "label": "Denver (city)"}, {"geoid": "0820270", "label": "Dillon (town)"}, {"geoid": "0820905", "label": "Dolores (town)"}, {"geoid": "0821470", "label": "Dove Creek (town)"}, {"geoid": "0822660", "label": "Durango (city)"}, {"geoid": "0822975", "label": "Eads (town)"}, {"geoid": "0823050", "label": "Eagle (town)"}, {"geoid": "0823555", "label": "Eaton (town)"}, {"geoid": "0823380", "label": "Edgewater (city)"}, {"geoid": "0823835", "label": "Elizabeth (town)"}, {"geoid": "0823940", "label": "Empire (town)"}, {"geoid": "0823670", "label": "Englewood (city)"}, {"geoid": "0823975", "label": "Erie (town)"}, {"geoid": "0824040", "label": "Estes Park (town)"}, {"geoid": "0824640", "label": "Evans (city)"}, {"geoid": "0825590", "label": "Fairplay (town)"}, {"geoid": "0825635", "label": "Federal Heights (city)"}, {"geoid": "0826420", "label": "Firestone (town)"}, {"geoid": "0826625", "label": "Fleming (town)"}, {"geoid": "0826930", "label": "Florence (city)"}, {"geoid": "0827425", "label": "Fort Collins (city)"}, {"geoid": "0827595", "label": "Fort Lupton (city)"}, {"geoid": "0827970", "label": "Fort Morgan (city)"}, {"geoid": "0828175", "label": "Fountain (city)"}, {"geoid": "0828235", "label": "Fowler (town)"}, {"geoid": "0828465", "label": "Frederick (town)"}, {"geoid": "0828745", "label": "Fruita (city)"}, {"geoid": "0829445", "label": "Georgetown (city)"}, {"geoid": "0829940", "label": "Gilcrest (town)"}, {"geoid": "0830200", "label": "Glendale (city)"}, {"geoid": "0830390", "label": "Glenwood Springs (city)"}, {"geoid": "0831500", "label": "Golden (city)"}, {"geoid": "0832045", "label": "Granby (town)"}, {"geoid": "0831660", "label": "Grand Junction (city)"}, {"geoid": "0832130", "label": "Grand Lake (town)"}, {"geoid": "0833250", "label": "Greeley (city)"}, {"geoid": "0833070", "label": "Green Mountain Falls (town)"}, {"geoid": "0833870", "label": "Greenwood Village (city)"}, {"geoid": "0834430", "label": "Gunnison (city)"}, {"geoid": "0834535", "label": "Gypsum (town)"}, {"geoid": "0835500", "label": "Hayden (town)"}, {"geoid": "0836045", "label": "Holyoke (city)"}, {"geoid": "0836295", "label": "Hot Sulphur Springs (town)"}, {"geoid": "0836330", "label": "Hotchkiss (town)"}, {"geoid": "0836540", "label": "Hugo (town)"}, {"geoid": "0837185", "label": "Idaho Springs (city)"}, {"geoid": "0837270", "label": "Ignacio (town)"}, {"geoid": "0839000", "label": "Jamestown (town)"}, {"geoid": "0839565", "label": "Johnstown (town)"}, {"geoid": "0839745", "label": "Julesburg (town)"}, {"geoid": "0840060", "label": "Keenesburg (town)"}, {"geoid": "0840245", "label": "Kersey (town)"}, {"geoid": "0841545", "label": "Kit Carson (town)"}, {"geoid": "0841875", "label": "Kremmling (town)"}, {"geoid": "0843225", "label": "La Junta (city)"}, {"geoid": "0843720", "label": "La Salle (town)"}, {"geoid": "0843705", "label": "Lafayette (city)"}, {"geoid": "0843790", "label": "Lake City (town)"}, {"geoid": "0844035", "label": "Lamar (city)"}, {"geoid": "0844665", "label": "Las Animas (city)"}, {"geoid": "0844320", "label": "Leadville (city)"}, {"geoid": "0845110", "label": "Limon (town)"}, {"geoid": "0846465", "label": "Littleton (city)"}, {"geoid": "0846615", "label": "Lochbuie (town)"}, {"geoid": "0846935", "label": "Lone Tree (city)"}, {"geoid": "0847050", "label": "Longmont (city)"}, {"geoid": "0847155", "label": "Louisville (city)"}, {"geoid": "0847520", "label": "Loveland (city)"}, {"geoid": "0848000", "label": "Lyons (town)"}, {"geoid": "0848325", "label": "Mancos (town)"}, {"geoid": "0848130", "label": "Manitou Springs (city)"}, {"geoid": "0848730", "label": "Mead (town)"}, {"geoid": "0849130", "label": "Meeker (town)"}, {"geoid": "0850160", "label": "Milliken (town)"}, {"geoid": "0850380", "label": "Minturn (town)"}, {"geoid": "0851625", "label": "Monte Vista (city)"}, {"geoid": "0852870", "label": "Montrose (city)"}, {"geoid": "0853350", "label": "Morrison (town)"}, {"geoid": "0854075", "label": "Mount Crested Butte (town)"}, {"geoid": "0854380", "label": "Mountain Village (town)"}, {"geoid": "0854730", "label": "Nederland (town)"}, {"geoid": "0855090", "label": "New Castle (town)"}, {"geoid": "0854330", "label": "Northglenn (city)"}, {"geoid": "0855260", "label": "Norwood (town)"}, {"geoid": "0856095", "label": "Olathe (town)"}, {"geoid": "0856420", "label": "Ordway (city)"}, {"geoid": "0856785", "label": "Otis (town)"}, {"geoid": "0856890", "label": "Ouray (city)"}, {"geoid": "0857470", "label": "Pagosa Springs (town)"}, {"geoid": "0856970", "label": "Palisade (town)"}, {"geoid": "0857640", "label": "Palmer Lake (town)"}, {"geoid": "0857890", "label": "Paonia (town)"}, {"geoid": "0857930", "label": "Parker (town)"}, {"geoid": "0859360", "label": "Platteville (town)"}, {"geoid": "0862000", "label": "Pueblo (city)"}, {"geoid": "0863020", "label": "Rangely (town)"}, {"geoid": "0863395", "label": "Rifle (city)"}, {"geoid": "0864540", "label": "Rocky Ford (city)"}, {"geoid": "0866010", "label": "Saguache (town)"}, {"geoid": "0866555", "label": "Salida (city)"}, {"geoid": "0868560", "label": "Sheridan (city)"}, {"geoid": "0869340", "label": "Silverthorne (town)"}, {"geoid": "0869415", "label": "Silverton (town)"}, {"geoid": "0869455", "label": "Simla (town)"}, {"geoid": "0869480", "label": "Snowmass Village (town)"}, {"geoid": "0871080", "label": "Springfield (city)"}, {"geoid": "0872045", "label": "Steamboat Springs (city)"}, {"geoid": "0872395", "label": "Sterling (city)"}, {"geoid": "0872720", "label": "Stratton (city)"}, {"geoid": "0874880", "label": "Telluride (town)"}, {"geoid": "0875970", "label": "Thornton (city)"}, {"geoid": "0877060", "label": "Trinidad (city)"}, {"geoid": "0878035", "label": "Vail (town)"}, {"geoid": "0878890", "label": "Victor (city)"}, {"geoid": "0880095", "label": "Walden (town)"}, {"geoid": "0880235", "label": "Walsenburg (city)"}, {"geoid": "0880750", "label": "Wellington (town)"}, {"geoid": "0883390", "label": "Westcliffe (town)"}, {"geoid": "0883985", "label": "Westminster (city)"}, {"geoid": "0885780", "label": "Windsor (town)"}, {"geoid": "0885990", "label": "Winter Park (town)"}, {"geoid": "0887085", "label": "Woodland Park (city)"}, {"geoid": "0887490", "label": "Wray (city)"}, {"geoid": "0888660", "label": "Yuma (city)"}], "cdps": [{"geoid": "0801810", "label": "Alamosa East (CDP)"}, {"geoid": "0802895", "label": "Applewood (CDP)"}, {"geoid": "0803565", "label": "Aspen Park (CDP)"}, {"geoid": "0804180", "label": "Avondale (CDP)"}, {"geoid": "0805225", "label": "Battlement Mesa (CDP)"}, {"geoid": "0806800", "label": "Black Forest (CDP)"}, {"geoid": "0807140", "label": "Blende (CDP)"}, {"geoid": "0807545", "label": "Bow Mar (CDP)"}, {"geoid": "0809735", "label": "Broadmoor (CDP)"}, {"geoid": "0814660", "label": "Cimarron Hills (CDP)"}, {"geoid": "0815165", "label": "Clifton (CDP)"}, {"geoid": "0815955", "label": "Colorado City (CDP)"}, {"geoid": "0816230", "label": "Columbine (CDP)"}, {"geoid": "0821565", "label": "Dove Valley (CDP)"}, {"geoid": "0823460", "label": "Eldorado Springs (CDP)"}, {"geoid": "0824910", "label": "Evergreen (CDP)"}, {"geoid": "0825445", "label": "Falcon (CDP)"}, {"geoid": "0827380", "label": "Fort Carson (CDP)"}, {"geoid": "0829375", "label": "Genesee (CDP)"}, {"geoid": "0830145", "label": "Gleneagle (CDP)"}, {"geoid": "0834395", "label": "Gunbarrel (CDP)"}, {"geoid": "0835720", "label": "Heritage Hills (CDP)"}, {"geoid": "0834000", "label": "Highlands Ranch (CDP)"}, {"geoid": "0836015", "label": "Holly Hills (CDP)"}, {"geoid": "0837435", "label": "Idledale (CDP)"}, {"geoid": "0837730", "label": "Indian Hills (CDP)"}, {"geoid": "0840150", "label": "Ken Caryl (CDP)"}, {"geoid": "0843755", "label": "Lake Durango (CDP)"}, {"geoid": "0845025", "label": "Lincoln Park (CDP)"}, {"geoid": "0852225", "label": "Monument (CDP)"}, {"geoid": "0854160", "label": "Mountain Meadows (CDP)"}, {"geoid": "0855220", "label": "Niwot (CDP)"}, {"geoid": "0855440", "label": "North La Junta (CDP)"}, {"geoid": "0855770", "label": "North Washington (CDP)"}, {"geoid": "0856510", "label": "Orchard Mesa (CDP)"}, {"geoid": "0858350", "label": "Perry Park (CDP)"}, {"geoid": "0860045", "label": "Poncha Springs (CDP)"}, {"geoid": "0860485", "label": "Ponderosa Park (CDP)"}, {"geoid": "0862045", "label": "Pueblo West (CDP)"}, {"geoid": "0867365", "label": "Security-Widefield (CDP)"}, {"geoid": "0868610", "label": "Sherrelwood (CDP)"}, {"geoid": "0869360", "label": "Snowmass (CDP)"}, {"geoid": "0870905", "label": "Southglenn (CDP)"}, {"geoid": "0872790", "label": "Stratmoor (CDP)"}, {"geoid": "0876300", "label": "Todd Creek (CDP)"}, {"geoid": "0876515", "label": "Towaoc (CDP)"}, {"geoid": "0877560", "label": "Twin Lakes (CDP)"}, {"geoid": "0880585", "label": "Welby (CDP)"}, {"geoid": "0887365", "label": "Woodmoor (CDP)"}]}